{"273f11d3-b2fd-45a4":{"x":0,"y":0,"width":1349,"height":9410.6875,"top":0,"right":1349,"bottom":9410.6875,"left":0},"dc7d9b8e-7b97-4e6d":{"x":0,"y":0,"width":1349,"height":9410.6875,"top":0,"right":1349,"bottom":9410.6875,"left":0},"67c47a22-6697-4eff":{"x":0,"y":0,"width":1349,"height":9410.6875,"top":0,"right":1349,"bottom":9410.6875,"left":0},"a2eabf89-30f9-4947":{"x":0,"y":0,"width":1349,"height":9410.6875,"top":0,"right":1349,"bottom":9410.6875,"left":0},"f4544e60-855b-484a":{"x":0,"y":0,"width":1349,"height":80,"top":0,"right":1349,"bottom":80,"left":0},"3c36c4da-f223-4ecd":{"x":0,"y":0,"width":1349,"height":80,"top":0,"right":1349,"bottom":80,"left":0},"f0928f34-6bd2-4d08":{"x":0,"y":0,"width":1349,"height":80,"top":0,"right":1349,"bottom":80,"left":0},"f6dd913d-b87e-4d66":{"x":32,"y":0,"width":1285,"height":80,"top":0,"right":1317,"bottom":80,"left":32},"2c0d8d1d-fed3-46a7":{"x":16,"y":25.859375,"width":172,"height":28.265625,"top":25.859375,"right":188,"bottom":54.125,"left":16},"f544c866-9c34-4719":{"x":16,"y":26.859375,"width":172,"height":23,"top":26.859375,"right":188,"bottom":49.859375,"left":16},"154b1b9b-42ea-4a55":{"x":16,"y":28.125,"width":172,"height":26,"top":28.125,"right":188,"bottom":54.125,"left":16},"6903bc5e-5e91-4709":{"x":188,"y":0,"width":944,"height":80,"top":0,"right":1132,"bottom":80,"left":188},"280c4c13-21aa-4a03":{"x":447.78125,"y":0,"width":63.8125,"height":80,"top":0,"right":511.59375,"bottom":80,"left":447.78125},"f3567614-e77d-4b23":{"x":447.78125,"y":28.84375,"width":63.8125,"height":22.3125,"top":28.84375,"right":511.59375,"bottom":51.15625,"left":447.78125},"401ecad0-8e57-4b1f":{"x":447.78125,"y":28.84375,"width":39.8125,"height":22.3125,"top":28.84375,"right":487.59375,"bottom":51.15625,"left":447.78125},"9a177975-aa4a-488c":{"x":499.59375,"y":33.84375,"width":12,"height":12,"top":33.84375,"right":511.59375,"bottom":45.84375,"left":499.59375},"ddcd3dd4-b283-416d":{"x":499.59375,"y":36.41518020629883,"width":11.999969482421875,"height":6.857139587402344,"top":36.41518020629883,"right":511.5937194824219,"bottom":43.27231979370117,"left":499.59375},"e737adc2-c543-4530":{"x":-57.1484375,"y":77,"width":1434.296875,"height":86,"top":77,"right":1377.1484375,"bottom":163,"left":-57.1484375},"91685f75-3211-4589":{"x":-57.1484375,"y":78,"width":1434.296875,"height":85,"top":78,"right":1377.1484375,"bottom":163,"left":-57.1484375},"03ed6713-4d31-4105":{"x":420.9765625,"y":109.34375,"width":146.96875,"height":22.3125,"top":109.34375,"right":567.9453125,"bottom":131.65625,"left":420.9765625},"aa97f368-5490-441b":{"x":420.9765625,"y":109.34375,"width":146.96875,"height":22.3125,"top":109.34375,"right":567.9453125,"bottom":131.65625,"left":420.9765625},"b0770392-f068-4508":{"x":555.9453125,"y":114.34375,"width":12,"height":12,"top":114.34375,"right":567.9453125,"bottom":126.34375,"left":555.9453125},"bc765a57-5a2d-487f":{"x":555.9453125,"y":114.34375,"width":12,"height":11.999984741210938,"top":114.34375,"right":567.9453125,"bottom":126.34373474121094,"left":555.9453125},"d966e878-4b14-4459":{"x":599.9453125,"y":109.34375,"width":106.15625,"height":22.3125,"top":109.34375,"right":706.1015625,"bottom":131.65625,"left":599.9453125},"d32b1a20-09c5-43e3":{"x":599.9453125,"y":109.34375,"width":106.15625,"height":22.3125,"top":109.34375,"right":706.1015625,"bottom":131.65625,"left":599.9453125},"5a00d528-a888-4a1c":{"x":694.1015625,"y":114.34375,"width":12,"height":12,"top":114.34375,"right":706.1015625,"bottom":126.34375,"left":694.1015625},"7af08898-1c53-4c07":{"x":694.1015625,"y":114.34375,"width":12,"height":11.999984741210938,"top":114.34375,"right":706.1015625,"bottom":126.34373474121094,"left":694.1015625},"d1699395-6f1b-4101":{"x":738.1015625,"y":109.34375,"width":67.921875,"height":22.3125,"top":109.34375,"right":806.0234375,"bottom":131.65625,"left":738.1015625},"22183f50-5ba7-4784":{"x":738.1015625,"y":109.34375,"width":67.921875,"height":22.3125,"top":109.34375,"right":806.0234375,"bottom":131.65625,"left":738.1015625},"3356aa72-0fce-4010":{"x":794.0234375,"y":114.34375,"width":12,"height":12,"top":114.34375,"right":806.0234375,"bottom":126.34375,"left":794.0234375},"415d8c05-a405-4e9f":{"x":794.0234375,"y":114.34375,"width":12,"height":11.999984741210938,"top":114.34375,"right":806.0234375,"bottom":126.34373474121094,"left":794.0234375},"af5f40b9-b5d1-4385":{"x":838.0234375,"y":109.34375,"width":61,"height":22.3125,"top":109.34375,"right":899.0234375,"bottom":131.65625,"left":838.0234375},"fd245c1d-d891-4eb1":{"x":838.0234375,"y":109.34375,"width":61,"height":22.3125,"top":109.34375,"right":899.0234375,"bottom":131.65625,"left":838.0234375},"e6454df1-1368-4fbf":{"x":887.0234375,"y":114.34375,"width":12,"height":12,"top":114.34375,"right":899.0234375,"bottom":126.34375,"left":887.0234375},"cdace070-19d0-485c":{"x":887.0234375,"y":114.34375,"width":12,"height":11.999984741210938,"top":114.34375,"right":899.0234375,"bottom":126.34373474121094,"left":887.0234375},"8ac18e76-0a04-4855":{"x":543.59375,"y":0,"width":96.71875,"height":80,"top":0,"right":640.3125,"bottom":80,"left":543.59375},"6882695e-7185-42fd":{"x":543.59375,"y":28.84375,"width":96.71875,"height":22.3125,"top":28.84375,"right":640.3125,"bottom":51.15625,"left":543.59375},"608ac2f6-74d4-40e9":{"x":672.3125,"y":0,"width":25.0625,"height":80,"top":0,"right":697.375,"bottom":80,"left":672.3125},"1de06ae2-b9dc-40ed":{"x":672.3125,"y":28.84375,"width":25.0625,"height":22.3125,"top":28.84375,"right":697.375,"bottom":51.15625,"left":672.3125},"5aece7ae-6f01-4628":{"x":729.375,"y":0,"width":47.5,"height":80,"top":0,"right":776.875,"bottom":80,"left":729.375},"306796ab-6856-4a07":{"x":729.375,"y":28.84375,"width":47.5,"height":22.3125,"top":28.84375,"right":776.875,"bottom":51.15625,"left":729.375},"cadeb65f-3178-4290":{"x":808.875,"y":0,"width":63.34375,"height":80,"top":0,"right":872.21875,"bottom":80,"left":808.875},"6922bc58-1460-40e4":{"x":808.875,"y":28.84375,"width":63.34375,"height":22.3125,"top":28.84375,"right":872.21875,"bottom":51.15625,"left":808.875},"d9baa6be-9e25-414d":{"x":808.875,"y":28.84375,"width":39.34375,"height":22.3125,"top":28.84375,"right":848.21875,"bottom":51.15625,"left":808.875},"bc19e1d1-e80c-4e5b":{"x":860.21875,"y":33.84375,"width":12,"height":12,"top":33.84375,"right":872.21875,"bottom":45.84375,"left":860.21875},"1f550e8a-f865-467d":{"x":860.21875,"y":36.41518020629883,"width":12,"height":6.857139587402344,"top":36.41518020629883,"right":872.21875,"bottom":43.27231979370117,"left":860.21875},"ae658120-d243-4968":{"x":-57.1484375,"y":77,"width":1434.296875,"height":86,"top":77,"right":1377.1484375,"bottom":163,"left":-57.1484375},"7f31604a-817d-4303":{"x":-57.1484375,"y":78,"width":1434.296875,"height":85,"top":78,"right":1377.1484375,"bottom":163,"left":-57.1484375},"df82cbf9-8e15-4919":{"x":424.7265625,"y":109.34375,"width":84.5625,"height":22.3125,"top":109.34375,"right":509.2890625,"bottom":131.65625,"left":424.7265625},"563d7c14-7c76-47c9":{"x":424.7265625,"y":109.34375,"width":84.5625,"height":22.3125,"top":109.34375,"right":509.2890625,"bottom":131.65625,"left":424.7265625},"8b4481cc-53bb-496c":{"x":497.2890625,"y":114.34375,"width":12,"height":12,"top":114.34375,"right":509.2890625,"bottom":126.34375,"left":497.2890625},"333b96a2-6a9d-4852":{"x":497.2890625,"y":114.34375,"width":12,"height":11.999984741210938,"top":114.34375,"right":509.2890625,"bottom":126.34373474121094,"left":497.2890625},"a307f91a-8453-4740":{"x":541.2890625,"y":109.34375,"width":158.953125,"height":22.3125,"top":109.34375,"right":700.2421875,"bottom":131.65625,"left":541.2890625},"1733d5e3-e8f8-45c1":{"x":541.2890625,"y":109.34375,"width":158.953125,"height":22.3125,"top":109.34375,"right":700.2421875,"bottom":131.65625,"left":541.2890625},"36572137-cf9c-47e2":{"x":688.2421875,"y":114.34375,"width":12,"height":12,"top":114.34375,"right":700.2421875,"bottom":126.34375,"left":688.2421875},"a7e8a1bd-b8ea-4a1c":{"x":688.2421875,"y":114.34375,"width":12,