{"273f11d3-b2fd-45a4":{"x":0,"y":0,"width":1349,"height":2739.625,"top":0,"right":1349,"bottom":2739.625,"left":0},"dc7d9b8e-7b97-4e6d":{"x":0,"y":0,"width":1349,"height":2739.625,"top":0,"right":1349,"bottom":2739.625,"left":0},"67c47a22-6697-4eff":{"x":0,"y":0,"width":1349,"height":2739.625,"top":0,"right":1349,"bottom":2739.625,"left":0},"a2eabf89-30f9-4947":{"x":0,"y":0,"width":1349,"height":2739.625,"top":0,"right":1349,"bottom":2739.625,"left":0},"03196a5f-6bec-42cb":{"x":0,"y":0,"width":1349,"height":80,"top":0,"right":1349,"bottom":80,"left":0},"fdfedb7e-0f41-44c2":{"x":0,"y":0,"width":1349,"height":80,"top":0,"right":1349,"bottom":80,"left":0},"41a41896-56ec-4efd":{"x":0,"y":0,"width":1349,"height":80,"top":0,"right":1349,"bottom":80,"left":0},"37831697-8f8e-4736":{"x":32,"y":0,"width":1285,"height":80,"top":0,"right":1317,"bottom":80,"left":32},"bf6d5a57-bb64-4d20":{"x":16,"y":25.859375,"width":172,"height":28.265625,"top":25.859375,"right":188,"bottom":54.125,"left":16},"dd95851b-6b65-41f4":{"x":16,"y":26.859375,"width":172,"height":23,"top":26.859375,"right":188,"bottom":49.859375,"left":16},"e945f90c-485c-4d06":{"x":16,"y":28.125,"width":172,"height":26,"top":28.125,"right":188,"bottom":54.125,"left":16},"3d0b9f75-29c7-4712":{"x":188,"y":0,"width":944,"height":80,"top":0,"right":1132,"bottom":80,"left":188},"e6ce7bb4-1b42-4b7b":{"x":447.78125,"y":0,"width":63.8125,"height":80,"top":0,"right":511.59375,"bottom":80,"left":447.78125},"faf3685f-1736-4151":{"x":447.78125,"y":28.84375,"width":63.8125,"height":22.3125,"top":28.84375,"right":511.59375,"bottom":51.15625,"left":447.78125},"1e28fca6-c9ab-4502":{"x":447.78125,"y":28.84375,"width":39.8125,"height":22.3125,"top":28.84375,"right":487.59375,"bottom":51.15625,"left":447.78125},"eea71303-0600-444d":{"x":499.59375,"y":33.84375,"width":12,"height":12,"top":33.84375,"right":511.59375,"bottom":45.84375,"left":499.59375},"31120f33-2475-493a":{"x":499.59375,"y":36.41518020629883,"width":11.999969482421875,"height":6.857139587402344,"top":36.41518020629883,"right":511.5937194824219,"bottom":43.27231979370117,"left":499.59375},"9cb1fbe4-da3e-4d20":{"x":-57.1484375,"y":77,"width":1434.296875,"height":86,"top":77,"right":1377.1484375,"bottom":163,"left":-57.1484375},"f39be171-85d1-4321":{"x":-57.1484375,"y":78,"width":1434.296875,"height":85,"top":78,"right":1377.1484375,"bottom":163,"left":-57.1484375},"1c706b7f-d8a9-4ead":{"x":420.9765625,"y":109.34375,"width":146.96875,"height":22.3125,"top":109.34375,"right":567.9453125,"bottom":131.65625,"left":420.9765625},"6effd154-54cc-4683":{"x":420.9765625,"y":109.34375,"width":146.96875,"height":22.3125,"top":109.34375,"right":567.9453125,"bottom":131.65625,"left":420.9765625},"c4280c2b-1459-47a1":{"x":555.9453125,"y":114.34375,"width":12,"height":12,"top":114.34375,"right":567.9453125,"bottom":126.34375,"left":555.9453125},"fe3006f8-8378-47f3":{"x":555.9453125,"y":114.34375,"width":12,"height":11.999984741210938,"top":114.34375,"right":567.9453125,"bottom":126.34373474121094,"left":555.9453125},"a925ad76-d30b-40c2":{"x":599.9453125,"y":109.34375,"width":106.15625,"height":22.3125,"top":109.34375,"right":706.1015625,"bottom":131.65625,"left":599.9453125},"606bb82e-9a31-411d":{"x":599.9453125,"y":109.34375,"width":106.15625,"height":22.3125,"top":109.34375,"right":706.1015625,"bottom":131.65625,"left":599.9453125},"bcaa8af1-9f94-4aa8":{"x":694.1015625,"y":114.34375,"width":12,"height":12,"top":114.34375,"right":706.1015625,"bottom":126.34375,"left":694.1015625},"ba81f8a5-02e7-4fc9":{"x":694.1015625,"y":114.34375,"width":12,"height":11.999984741210938,"top":114.34375,"right":706.1015625,"bottom":126.34373474121094,"left":694.1015625},"9e054546-dfd4-44ce":{"x":738.1015625,"y":109.34375,"width":67.921875,"height":22.3125,"top":109.34375,"right":806.0234375,"bottom":131.65625,"left":738.1015625},"05b8ae87-7557-418f":{"x":738.1015625,"y":109.34375,"width":67.921875,"height":22.3125,"top":109.34375,"right":806.0234375,"bottom":131.65625,"left":738.1015625},"bb9c2a9c-0d01-4032":{"x":794.0234375,"y":114.34375,"width":12,"height":12,"top":114.34375,"right":806.0234375,"bottom":126.34375,"left":794.0234375},"ce90a7d2-ae59-481f":{"x":794.0234375,"y":114.34375,"width":12,"height":11.999984741210938,"top":114.34375,"right":806.0234375,"bottom":126.34373474121094,"left":794.0234375},"4e6801b8-2466-4f8c":{"x":838.0234375,"y":109.34375,"width":61,"height":22.3125,"top":109.34375,"right":899.0234375,"bottom":131.65625,"left":838.0234375},"999547f1-2e1b-4ed4":{"x":838.0234375,"y":109.34375,"width":61,"height":22.3125,"top":109.34375,"right":899.0234375,"bottom":131.65625,"left":838.0234375},"00248bf5-8906-4b9e":{"x":887.0234375,"y":114.34375,"width":12,"height":12,"top":114.34375,"right":899.0234375,"bottom":126.34375,"left":887.0234375},"4d24a936-0f1a-4e26":{"x":887.0234375,"y":114.34375,"width":12,"height":11.999984741210938,"top":114.34375,"right":899.0234375,"bottom":126.34373474121094,"left":887.0234375},"c04fa89b-6b1a-447a":{"x":543.59375,"y":0,"width":96.71875,"height":80,"top":0,"right":640.3125,"bottom":80,"left":543.59375},"27d94b50-d1d0-4c36":{"x":543.59375,"y":28.84375,"width":96.71875,"height":22.3125,"top":28.84375,"right":640.3125,"bottom":51.15625,"left":543.59375},"718d2ac1-ce5c-47eb":{"x":672.3125,"y":0,"width":25.0625,"height":80,"top":0,"right":697.375,"bottom":80,"left":672.3125},"cda0961d-aef7-488b":{"x":672.3125,"y":28.84375,"width":25.0625,"height":22.3125,"top":28.84375,"right":697.375,"bottom":51.15625,"left":672.3125},"1eea2916-d6c9-48b3":{"x":729.375,"y":0,"width":47.5,"height":80,"top":0,"right":776.875,"bottom":80,"left":729.375},"38f163dd-dd7d-410d":{"x":729.375,"y":28.84375,"width":47.5,"height":22.3125,"top":28.84375,"right":776.875,"bottom":51.15625,"left":729.375},"2e9c4a75-3330-4d8f":{"x":808.875,"y":0,"width":63.34375,"height":80,"top":0,"right":872.21875,"bottom":80,"left":808.875},"e82fb679-456f-4487":{"x":808.875,"y":28.84375,"width":63.34375,"height":22.3125,"top":28.84375,"right":872.21875,"bottom":51.15625,"left":808.875},"a69b018c-f47e-4780":{"x":808.875,"y":28.84375,"width":39.34375,"height":22.3125,"top":28.84375,"right":848.21875,"bottom":51.15625,"left":808.875},"c3c7caa3-84d8-4fae":{"x":860.21875,"y":33.84375,"width":12,"height":12,"top":33.84375,"right":872.21875,"bottom":45.84375,"left":860.21875},"b1f05589-3b09-4d88":{"x":860.21875,"y":36.41518020629883,"width":12,"height":6.857139587402344,"top":36.41518020629883,"right":872.21875,"bottom":43.27231979370117,"left":860.21875},"d82e156d-3ab9-4150":{"x":-57.1484375,"y":77,"width":1434.296875,"height":86,"top":77,"right":1377.1484375,"bottom":163,"left":-57.1484375},"9b2834b1-b2fc-4d5c":{"x":-57.1484375,"y":78,"width":1434.296875,"height":85,"top":78,"right":1377.1484375,"bottom":163,"left":-57.1484375},"badbc3fc-df50-4b54":{"x":424.7265625,"y":109.34375,"width":84.5625,"height":22.3125,"top":109.34375,"right":509.2890625,"bottom":131.65625,"left":424.7265625},"68e43522-1e1a-4121":{"x":424.7265625,"y":109.34375,"width":84.5625,"height":22.3125,"top":109.34375,"right":509.2890625,"bottom":131.65625,"left":424.7265625},"be0210b0-a78a-4a55":{"x":497.2890625,"y":114.34375,"width":12,"height":12,"top":114.34375,"right":509.2890625,"bottom":126.34375,"left":497.2890625},"b679e83f-3d7d-4c34":{"x":497.2890625,"y":114.34375,"width":12,"height":11.999984741210938,"top":114.34375,"right":509.2890625,"bottom":126.34373474121094,"left":497.2890625},"e45e639e-97d9-4ebb":{"x":541.2890625,"y":109.34375,"width":158.953125,"height":22.3125,"top":109.34375,"right":700.2421875,"bottom":131.65625,"left":541.2890625},"17bbffb7-39c9-4fed":{"x":541.2890625,"y":109.34375,"width":158.953125,"height":22.3125,"top":109.34375,"right":700.2421875,"bottom":131.65625,"left":541.2890625},"34ae0f53-439f-493a":{"x":688.2421875,"y":114.34375,"width":12,"height":12,"top":114.34375,"right":700.2421875,"bottom":126.34375,"left":688.2421875},"fbe1db1d-680d-48d1":{"x":688.2421875,"y":114.34375,"width":12,